Indicator,Year,Geography,FIPS,Percent
Households living below the federal poverty level,2023,Alabama,1,11.3
Population 25 years and older w/o HS diploma,2023,Alabama,1,10.9
Uninsured,2023,Alabama,1,8.5
Vacant housing,2023,Alabama,1,13.1
Households living below the federal poverty level,2023,Alaska,2,7.2
Population 25 years and older w/o HS diploma,2023,Alaska,2,6.8
Uninsured,2023,Alaska,2,10.4
Vacant housing,2023,Alaska,2,16
Households living below the federal poverty level,2023,Arizona,4,8.7
Population 25 years and older w/o HS diploma,2023,Arizona,4,10.6
Uninsured,2023,Arizona,4,9.9
Vacant housing,2023,Arizona,4,10.3
Households living below the federal poverty level,2023,Arkansas,5,11.2
Population 25 years and older w/o HS diploma,2023,Arkansas,5,10.7
Uninsured,2023,Arkansas,5,8.9
Vacant housing,2023,Arkansas,5,12.5
Households living below the federal poverty level,2023,California,6,8.5
Population 25 years and older w/o HS diploma,2023,California,6,15.2
Uninsured,2023,California,6,6.4
Vacant housing,2023,California,6,7.2
Households living below the federal poverty level,2023,Colorado,8,5.9
Population 25 years and older w/o HS diploma,2023,Colorado,8,6.7
Uninsured,2023,Colorado,8,6.7
Vacant housing,2023,Colorado,8,8
Households living below the federal poverty level,2023,Connecticut,9,7.4
Population 25 years and older w/o HS diploma,2023,Connecticut,9,8.2
Uninsured,2023,Connecticut,9,5.7
Vacant housing,2023,Connecticut,9,6.7
Households living below the federal poverty level,2023,Delaware,10,7.4
Population 25 years and older w/o HS diploma,2023,Delaware,10,8.6
Uninsured,2023,Delaware,10,6.5
Vacant housing,2023,Delaware,10,12.6
Households living below the federal poverty level,2023,District of Columbia,11,11.1
Population 25 years and older w/o HS diploma,2023,District of Columbia,11,7.3
Uninsured,2023,District of Columbia,11,2.7
Vacant housing,2023,District of Columbia,11,8.8
Households living below the federal poverty level,2023,Florida,12,8.6
Population 25 years and older w/o HS diploma,2023,Florida,12,9.8
Uninsured,2023,Florida,12,10.7
Vacant housing,2023,Florida,12,14.2
Households living below the federal poverty level,2023,Georgia,13,9.8
Population 25 years and older w/o HS diploma,2023,Georgia,13,10.7
Uninsured,2023,Georgia,13,11.4
Vacant housing,2023,Georgia,13,10
Households living below the federal poverty level,2023,Hawaii,15,6.6
Population 25 years and older w/o HS diploma,2023,Hawaii,15,7
Uninsured,2023,Hawaii,15,3.2
Vacant housing,2023,Hawaii,15,13.7
Households living below the federal poverty level,2023,Idaho,16,6.5
Population 25 years and older w/o HS diploma,2023,Idaho,16,7.8
Uninsured,2023,Idaho,16,8.9
Vacant housing,2023,Idaho,16,10.1
Households living below the federal poverty level,2023,Illinois,17,8
Population 25 years and older w/o HS diploma,2023,Illinois,17,9.4
Uninsured,2023,Illinois,17,6.2
Vacant housing,2023,Illinois,17,7.3
Households living below the federal poverty level,2023,Indiana,18,8.4
Population 25 years and older w/o HS diploma,2023,Indiana,18,9.6
Uninsured,2023,Indiana,18,6.9
Vacant housing,2023,Indiana,18,8.2
Households living below the federal poverty level,2023,Iowa,19,6.9
Population 25 years and older w/o HS diploma,2023,Iowa,19,6.7
Uninsured,2023,Iowa,19,5
Vacant housing,2023,Iowa,19,7.7
Households living below the federal poverty level,2023,Kansas,20,7.6
Population 25 years and older w/o HS diploma,2023,Kansas,20,8.3
Uninsured,2023,Kansas,20,8.4
Vacant housing,2023,Kansas,20,8.6
Households living below the federal poverty level,2023,Kentucky,21,12.6
Population 25 years and older w/o HS diploma,2023,Kentucky,21,10.5
Uninsured,2023,Kentucky,21,5.4
Vacant housing,2023,Kentucky,21,9
Households living below the federal poverty level,2023,Louisiana,22,13.7
Population 25 years and older w/o HS diploma,2023,Louisiana,22,12.2
Uninsured,2023,Louisiana,22,6.9
Vacant housing,2023,Louisiana,22,13.7
Households living below the federal poverty level,2023,Maine,23,6.8
Population 25 years and older w/o HS diploma,2023,Maine,23,5.1
Uninsured,2023,Maine,23,5.9
Vacant housing,2023,Maine,23,18.7
Households living below the federal poverty level,2023,Maryland,24,6.4
Population 25 years and older w/o HS diploma,2023,Maryland,24,8.8
Uninsured,2023,Maryland,24,6.3
Vacant housing,2023,Maryland,24,7.3
Households living below the federal poverty level,2023,Massachusetts,25,7
Population 25 years and older w/o HS diploma,2023,Massachusetts,25,8.6
Uninsured,2023,Massachusetts,25,2.6
Vacant housing,2023,Massachusetts,25,8
Households living below the federal poverty level,2023,Michigan,26,9.2
Population 25 years and older w/o HS diploma,2023,Michigan,26,8
Uninsured,2023,Michigan,26,4.5
Vacant housing,2023,Michigan,26,11.5
Households living below the federal poverty level,2023,Minnesota,27,5.4
Population 25 years and older w/o HS diploma,2023,Minnesota,27,5.7
Uninsured,2023,Minnesota,27,4.2
Vacant housing,2023,Minnesota,27,9
Households living below the federal poverty level,2023,Mississippi,28,13.7
Population 25 years and older w/o HS diploma,2023,Mississippi,28,12.2
Uninsured,2023,Mississippi,28,10.3
Vacant housing,2023,Mississippi,28,13.6
Households living below the federal poverty level,2023,Missouri,29,7.9
Population 25 years and older w/o HS diploma,2023,Missouri,29,8
Uninsured,2023,Missouri,29,7.5
Vacant housing,2023,Missouri,29,10.1
Households living below the federal poverty level,2023,Montana,30,7
Population 25 years and older w/o HS diploma,2023,Montana,30,5.6
Uninsured,2023,Montana,30,8.4
Vacant housing,2023,Montana,30,11.7
Households living below the federal poverty level,2023,Nebraska,31,6.6
Population 25 years and older w/o HS diploma,2023,Nebraska,31,7.3
Uninsured,2023,Nebraska,31,6.1
Vacant housing,2023,Nebraska,31,6.8
Households living below the federal poverty level,2023,Nevada,32,8.6
Population 25 years and older w/o HS diploma,2023,Nevada,32,12.3
Uninsured,2023,Nevada,32,10.8
Vacant housing,2023,Nevada,32,9.2
Households living below the federal poverty level,2023,New Hampshire,33,4.8
Population 25 years and older w/o HS diploma,2023,New Hampshire,33,5.6
Uninsured,2023,New Hampshire,33,4.7
Vacant housing,2023,New Hampshire,33,12.8
Households living below the federal poverty level,2023,New Jersey,34,7.1
Population 25 years and older w/o HS diploma,2023,New Jersey,34,9.3
Uninsured,2023,New Jersey,34,7.2
Vacant housing,2023,New Jersey,34,7
Households living below the federal poverty level,2023,New Mexico,35,14.3
Population 25 years and older w/o HS diploma,2023,New Mexico,35,12.5
Uninsured,2023,New Mexico,35,9.1
Vacant housing,2023,New Mexico,35,11.3
Households living below the federal poverty level,2023,New York,36,10.3
Population 25 years and older w/o HS diploma,2023,New York,36,11.7
Uninsured,2023,New York,36,4.8
Vacant housing,2023,New York,36,9.5
Households living below the federal poverty level,2023,North Carolina,37,9.1
Population 25 years and older w/o HS diploma,2023,North Carolina,37,9.4
Uninsured,2023,North Carolina,37,9.2
Vacant housing,2023,North Carolina,37,11.8
Households living below the federal poverty level,2023,North Dakota,38,5.3
Population 25 years and older w/o HS diploma,2023,North Dakota,38,5.5
Uninsured,2023,North Dakota,38,4.5
Vacant housing,2023,North Dakota,38,10.6
Households living below the federal poverty level,2023,Ohio,39,9.2
Population 25 years and older w/o HS diploma,2023,Ohio,39,8.1
Uninsured,2023,Ohio,39,6.1
Vacant housing,2023,Ohio,39,7.5
Households living below the federal poverty level,2023,Oklahoma,40,11.6
Population 25 years and older w/o HS diploma,2023,Oklahoma,40,10.3
Uninsured,2023,Oklahoma,40,11.4
Vacant housing,2023,Oklahoma,40,11.2
Households living below the federal poverty level,2023,Oregon,41,7.7
Population 25 years and older w/o HS diploma,2023,Oregon,41,8
Uninsured,2023,Oregon,41,5.5
Vacant housing,2023,Oregon,41,6.8
Households living below the federal poverty level,2023,Pennsylvania,42,8.3
Population 25 years and older w/o HS diploma,2023,Pennsylvania,42,7.8
Uninsured,2023,Pennsylvania,42,5.4
Vacant housing,2023,Pennsylvania,42,8.8
Households living below the federal poverty level,2023,Rhode Island,44,7.3
Population 25 years and older w/o HS diploma,2023,Rhode Island,44,10.4
Uninsured,2023,Rhode Island,44,4.5
Vacant housing,2023,Rhode Island,44,8.9
Households living below the federal poverty level,2023,South Carolina,45,10
Population 25 years and older w/o HS diploma,2023,South Carolina,45,9.8
Uninsured,2023,South Carolina,45,9.1
Vacant housing,2023,South Carolina,45,12.6
Households living below the federal poverty level,2023,South Dakota,46,7.6
Population 25 years and older w/o HS diploma,2023,South Dakota,46,6.5
Uninsured,2023,South Dakota,46,8.3
Vacant housing,2023,South Dakota,46,9.3
Households living below the federal poverty level,2023,Tennessee,47,10.2
Population 25 years and older w/o HS diploma,2023,Tennessee,47,9.9
Uninsured,2023,Tennessee,47,9.3
Vacant housing,2023,Tennessee,47,9.6
Households living below the federal poverty level,2023,Texas,48,10.3
Population 25 years and older w/o HS diploma,2023,Texas,48,13.7
Uninsured,2023,Texas,48,16.4
Vacant housing,2023,Texas,48,9.2
Households living below the federal poverty level,2023,Utah,49,6
Population 25 years and older w/o HS diploma,2023,Utah,49,6.9
Uninsured,2023,Utah,49,8
Vacant housing,2023,Utah,49,7.2
Households living below the federal poverty level,2023,Vermont,50,4.5
Population 25 years and older w/o HS diploma,2023,Vermont,50,4.5
Uninsured,2023,Vermont,50,3.4
Vacant housing,2023,Vermont,50,18.1
Households living below the federal poverty level,2023,Virginia,51,7.1
Population 25 years and older w/o HS diploma,2023,Virginia,51,8.6
Uninsured,2023,Virginia,51,6.4
Vacant housing,2023,Virginia,51,8.5
Households living below the federal poverty level,2023,Washington,53,6.6
Population 25 years and older w/o HS diploma,2023,Washington,53,7.6
Uninsured,2023,Washington,53,6.3
Vacant housing,2023,Washington,53,7.7
Households living below the federal poverty level,2023,West Virginia,54,11.6
Population 25 years and older w/o HS diploma,2023,West Virginia,54,11
Uninsured,2023,West Virginia,54,5.9
Vacant housing,2023,West Virginia,54,13.9
Households living below the federal poverty level,2023,Wisconsin,55,6.6
Population 25 years and older w/o HS diploma,2023,Wisconsin,55,6.3
Uninsured,2023,Wisconsin,55,4.9
Vacant housing,2023,Wisconsin,55,10.5
Households living below the federal poverty level,2023,Wyoming,56,7.3
Population 25 years and older w/o HS diploma,2023,Wyoming,56,6.1
Uninsured,2023,Wyoming,56,10.7
Vacant housing,2023,Wyoming,56,11.7
Households living below the federal poverty level,2022,Alabama,1,12
Population 25 years and older w/o HS diploma,2022,Alabama,1,11.2
Uninsured,2022,Alabama,1,8.8
Vacant housing,2022,Alabama,1,13.8
Households living below the federal poverty level,2022,Alaska,2,7.3
Population 25 years and older w/o HS diploma,2022,Alaska,2,6.7
Uninsured,2022,Alaska,2,11
Vacant housing,2022,Alaska,2,16.6
Households living below the federal poverty level,2022,Arizona,4,8.9
Population 25 years and older w/o HS diploma,2022,Arizona,4,10.8
Uninsured,2022,Arizona,4,10.3
Vacant housing,2022,Arizona,4,10.5
Households living below the federal poverty level,2022,Arkansas,5,11.8
Population 25 years and older w/o HS diploma,2022,Arkansas,5,10.9
Uninsured,2022,Arkansas,5,8.4
Vacant housing,2022,Arkansas,5,12.9
Households living below the federal poverty level,2022,California,6,8.6
Population 25 years and older w/o HS diploma,2022,California,6,15.3
Uninsured,2022,California,6,6.5
Vacant housing,2022,California,6,7.4
Households living below the federal poverty level,2022,Colorado,8,5.8
Population 25 years and older w/o HS diploma,2022,Colorado,8,7
Uninsured,2022,Colorado,8,7.1
Vacant housing,2022,Colorado,8,7.9
Households living below the federal poverty level,2022,Connecticut,9,6.5
Population 25 years and older w/o HS diploma,2022,Connecticut,9,8.5
Uninsured,2022,Connecticut,9,5.2
Vacant housing,2022,Connecticut,9,6.9
Households living below the federal poverty level,2022,Delaware,10,6.5
Population 25 years and older w/o HS diploma,2022,Delaware,10,8
Uninsured,2022,Delaware,10,5.6
Vacant housing,2022,Delaware,10,13.6
Households living below the federal poverty level,2022,District of Columbia,11,8.7
Population 25 years and older w/o HS diploma,2022,District of Columbia,11,6.3
Uninsured,2022,District of Columbia,11,2.9
Vacant housing,2022,District of Columbia,11,9.4
Households living below the federal poverty level,2022,Florida,12,9
Population 25 years and older w/o HS diploma,2022,Florida,12,10.1
Uninsured,2022,Florida,12,11.2
Vacant housing,2022,Florida,12,14
Households living below the federal poverty level,2022,Georgia,13,9.4
Population 25 years and older w/o HS diploma,2022,Georgia,13,10.5
Uninsured,2022,Georgia,13,11.7
Vacant housing,2022,Georgia,13,9.8
Households living below the federal poverty level,2022,Hawaii,15,6.6
Population 25 years and older w/o HS diploma,2022,Hawaii,15,7.1
Uninsured,2022,Hawaii,15,3.5
Vacant housing,2022,Hawaii,15,12.9
Households living below the federal poverty level,2022,Idaho,16,6.8
Population 25 years and older w/o HS diploma,2022,Idaho,16,8
Uninsured,2022,Idaho,16,8.2
Vacant housing,2022,Idaho,16,10
Households living below the federal poverty level,2022,Illinois,17,8.3
Population 25 years and older w/o HS diploma,2022,Illinois,17,9.6
Uninsured,2022,Illinois,17,6.6
Vacant housing,2022,Illinois,17,7.3
Households living below the federal poverty level,2022,Indiana,18,8.8
Population 25 years and older w/o HS diploma,2022,Indiana,18,9.8
Uninsured,2022,Indiana,18,7
Vacant housing,2022,Indiana,18,8.4
Households living below the federal poverty level,2022,Iowa,19,6.8
Population 25 years and older w/o HS diploma,2022,Iowa,19,6.5
Uninsured,2022,Iowa,19,4.5
Vacant housing,2022,Iowa,19,7.5
Households living below the federal poverty level,2022,Kansas,20,7.7
Population 25 years and older w/o HS diploma,2022,Kansas,20,7.9
Uninsured,2022,Kansas,20,8.6
Vacant housing,2022,Kansas,20,9.1
Households living below the federal poverty level,2022,Kentucky,21,11.9
Population 25 years and older w/o HS diploma,2022,Kentucky,21,11
Uninsured,2022,Kentucky,21,5.6
Vacant housing,2022,Kentucky,21,9.6
Households living below the federal poverty level,2022,Louisiana,22,14
Population 25 years and older w/o HS diploma,2022,Louisiana,22,12.7
Uninsured,2022,Louisiana,22,6.9
Vacant housing,2022,Louisiana,22,14
Households living below the federal poverty level,2022,Maine,23,6.2
Population 25 years and older w/o HS diploma,2022,Maine,23,5.4
Uninsured,2022,Maine,23,6.6
Vacant housing,2022,Maine,23,19.5
Households living below the federal poverty level,2022,Maryland,24,6.6
Population 25 years and older w/o HS diploma,2022,Maryland,24,8.6
Uninsured,2022,Maryland,24,6.1
Vacant housing,2022,Maryland,24,7.2
Households living below the federal poverty level,2022,Massachusetts,25,6.9
Population 25 years and older w/o HS diploma,2022,Massachusetts,25,8.7
Uninsured,2022,Massachusetts,25,2.4
Vacant housing,2022,Massachusetts,25,7.9
Households living below the federal poverty level,2022,Michigan,26,9.1
Population 25 years and older w/o HS diploma,2022,Michigan,26,8.2
Uninsured,2022,Michigan,26,4.5
Vacant housing,2022,Michigan,26,11.2
Households living below the federal poverty level,2022,Minnesota,27,6
Population 25 years and older w/o HS diploma,2022,Minnesota,27,6
Uninsured,2022,Minnesota,27,4.5
Vacant housing,2022,Minnesota,27,8.9
Households living below the federal poverty level,2022,Mississippi,28,14.2
Population 25 years and older w/o HS diploma,2022,Mississippi,28,12.4
Uninsured,2022,Mississippi,28,10.8
Vacant housing,2022,Mississippi,28,14.5
Households living below the federal poverty level,2022,Missouri,29,8.7
Population 25 years and older w/o HS diploma,2022,Missouri,29,8.4
Uninsured,2022,Missouri,29,8.6
Vacant housing,2022,Missouri,29,10.8
Households living below the federal poverty level,2022,Montana,30,7.3
Population 25 years and older w/o HS diploma,2022,Montana,30,6
Uninsured,2022,Montana,30,8.3
Vacant housing,2022,Montana,30,12.3
Households living below the federal poverty level,2022,Nebraska,31,7.7
Population 25 years and older w/o HS diploma,2022,Nebraska,31,7.2
Uninsured,2022,Nebraska,31,6.7
Vacant housing,2022,Nebraska,31,7
Households living below the federal poverty level,2022,Nevada,32,9.1
Population 25 years and older w/o HS diploma,2022,Nevada,32,12.6
Uninsured,2022,Nevada,32,11.1
Vacant housing,2022,Nevada,32,9.8
Households living below the federal poverty level,2022,New Hampshire,33,4.1
Population 25 years and older w/o HS diploma,2022,New Hampshire,33,5.5
Uninsured,2022,New Hampshire,33,4.9
Vacant housing,2022,New Hampshire,33,14.1
Households living below the federal poverty level,2022,New Jersey,34,6.8
Population 25 years and older w/o HS diploma,2022,New Jersey,34,9.3
Uninsured,2022,New Jersey,34,6.8
Vacant housing,2022,New Jersey,34,7.1
Households living below the federal poverty level,2022,New Mexico,35,12.6
Population 25 years and older w/o HS diploma,2022,New Mexico,35,12
Uninsured,2022,New Mexico,35,8.2
Vacant housing,2022,New Mexico,35,11.3
Households living below the federal poverty level,2022,New York,36,10.3
Population 25 years and older w/o HS diploma,2022,New York,36,12.1
Uninsured,2022,New York,36,4.9
Vacant housing,2022,New York,36,9.5
Households living below the federal poverty level,2022,North Carolina,37,9.3
Population 25 years and older w/o HS diploma,2022,North Carolina,37,9.8
Uninsured,2022,North Carolina,37,9.3
Vacant housing,2022,North Carolina,37,12.1
Households living below the federal poverty level,2022,North Dakota,38,6.5
Population 25 years and older w/o HS diploma,2022,North Dakota,38,6.1
Uninsured,2022,North Dakota,38,6.4
Vacant housing,2022,North Dakota,38,12.2
Households living below the federal poverty level,2022,Ohio,39,9.3
Population 25 years and older w/o HS diploma,2022,Ohio,39,8.2
Uninsured,2022,Ohio,39,5.9
Vacant housing,2022,Ohio,39,7.8
Households living below the federal poverty level,2022,Oklahoma,40,11.4
Population 25 years and older w/o HS diploma,2022,Oklahoma,40,10.4
Uninsured,2022,Oklahoma,40,11.7
Vacant housing,2022,Oklahoma,40,11.5
Households living below the federal poverty level,2022,Oregon,41,7.7
Population 25 years and older w/o HS diploma,2022,Oregon,41,8.4
Uninsured,2022,Oregon,41,6
Vacant housing,2022,Oregon,41,7.2
Households living below the federal poverty level,2022,Pennsylvania,42,7.9
Population 25 years and older w/o HS diploma,2022,Pennsylvania,42,7.8
Uninsured,2022,Pennsylvania,42,5.3
Vacant housing,2022,Pennsylvania,42,9
Households living below the federal poverty level,2022,Rhode Island,44,6.7
Population 25 years and older w/o HS diploma,2022,Rhode Island,44,9.5
Uninsured,2022,Rhode Island,44,4.2
Vacant housing,2022,Rhode Island,44,8.1
Households living below the federal poverty level,2022,South Carolina,45,10
Population 25 years and older w/o HS diploma,2022,South Carolina,45,9.5
Uninsured,2022,South Carolina,45,9.1
Vacant housing,2022,South Carolina,45,12.7
Households living below the federal poverty level,2022,South Dakota,46,7.7
Population 25 years and older w/o HS diploma,2022,South Dakota,46,6.8
Uninsured,2022,South Dakota,46,8.1
Vacant housing,2022,South Dakota,46,9.7
Households living below the federal poverty level,2022,Tennessee,47,9.6
Population 25 years and older w/o HS diploma,2022,Tennessee,47,9.6
Uninsured,2022,Tennessee,47,9.3
Vacant housing,2022,Tennessee,47,9.5
Households living below the federal poverty level,2022,Texas,48,10.9
Population 25 years and older w/o HS diploma,2022,Texas,48,13.9
Uninsured,2022,Texas,48,16.6
Vacant housing,2022,Texas,48,8.6
Households living below the federal poverty level,2022,Utah,49,5.6
Population 25 years and older w/o HS diploma,2022,Utah,49,7
Uninsured,2022,Utah,49,8.1
Vacant housing,2022,Utah,49,8.1
Households living below the federal poverty level,2022,Vermont,50,6.6
Population 25 years and older w/o HS diploma,2022,Vermont,50,5
Uninsured,2022,Vermont,50,3.9
Vacant housing,2022,Vermont,50,18.3
Households living below the federal poverty level,2022,Virginia,51,7.4
Population 25 years and older w/o HS diploma,2022,Virginia,51,8.5
Uninsured,2022,Virginia,51,6.5
Vacant housing,2022,Virginia,51,8.3
Households living below the federal poverty level,2022,Washington,53,6.5
Population 25 years and older w/o HS diploma,2022,Washington,53,7.8
Uninsured,2022,Washington,53,6.1
Vacant housing,2022,Washington,53,7
Households living below the federal poverty level,2022,West Virginia,54,13.1
Population 25 years and older w/o HS diploma,2022,West Virginia,54,10.9
Uninsured,2022,West Virginia,54,5.9
Vacant housing,2022,West Virginia,54,14.5
Households living below the federal poverty level,2022,Wisconsin,55,6.8
Population 25 years and older w/o HS diploma,2022,Wisconsin,55,6.5
Uninsured,2022,Wisconsin,55,5.2
Vacant housing,2022,Wisconsin,55,10.1
Households living below the federal poverty level,2022,Wyoming,56,8.6
Population 25 years and older w/o HS diploma,2022,Wyoming,56,6.3
Uninsured,2022,Wyoming,56,11.5
Vacant housing,2022,Wyoming,56,12.2
Households living below the federal poverty level,2021,Alabama,1,11.7
Population 25 years and older w/o HS diploma,2021,Alabama,1,12.1
Uninsured,2021,Alabama,1,9.9
Vacant housing,2021,Alabama,1,15
Households living below the federal poverty level,2021,Alaska,2,7.1
Population 25 years and older w/o HS diploma,2021,Alaska,2,6.7
Uninsured,2021,Alaska,2,11.4
Vacant housing,2021,Alaska,2,17.3
Households living below the federal poverty level,2021,Arizona,4,9.1
Population 25 years and older w/o HS diploma,2021,Arizona,4,11
Uninsured,2021,Arizona,4,10.7
Vacant housing,2021,Arizona,4,10.2
Households living below the federal poverty level,2021,Arkansas,5,11.6
Population 25 years and older w/o HS diploma,2021,Arkansas,5,11.3
Uninsured,2021,Arkansas,5,9.2
Vacant housing,2021,Arkansas,5,14.3
Households living below the federal poverty level,2021,California,6,9
Population 25 years and older w/o HS diploma,2021,California,6,15.6
Uninsured,2021,California,6,7
Vacant housing,2021,California,6,7.5
Households living below the federal poverty level,2021,Colorado,8,6.2
Population 25 years and older w/o HS diploma,2021,Colorado,8,7.6
Uninsured,2021,Colorado,8,8
Vacant housing,2021,Colorado,8,9
Households living below the federal poverty level,2021,Connecticut,9,6.7
Population 25 years and older w/o HS diploma,2021,Connecticut,9,8.9
Uninsured,2021,Connecticut,9,5.2
Vacant housing,2021,Connecticut,9,7
Households living below the federal poverty level,2021,Delaware,10,8.6
Population 25 years and older w/o HS diploma,2021,Delaware,10,8.6
Uninsured,2021,Delaware,10,5.7
Vacant housing,2021,Delaware,10,13.6
Households living below the federal poverty level,2021,District of Columbia,11,12.8
Population 25 years and older w/o HS diploma,2021,District of Columbia,11,7.2
Uninsured,2021,District of Columbia,11,3.7
Vacant housing,2021,District of Columbia,11,10.6
Households living below the federal poverty level,2021,Florida,12,9.4
Population 25 years and older w/o HS diploma,2021,Florida,12,10.2
Uninsured,2021,Florida,12,12.1
Vacant housing,2021,Florida,12,14.8
Households living below the federal poverty level,2021,Georgia,13,10.6
Population 25 years and older w/o HS diploma,2021,Georgia,13,11
Uninsured,2021,Georgia,13,12.6
Vacant housing,2021,Georgia,13,10.6
Households living below the federal poverty level,2021,Hawaii,15,8
Population 25 years and older w/o HS diploma,2021,Hawaii,15,7.1
Uninsured,2021,Hawaii,15,3.9
Vacant housing,2021,Hawaii,15,13.2
Households living below the federal poverty level,2021,Idaho,16,7.7
Population 25 years and older w/o HS diploma,2021,Idaho,16,8.7
Uninsured,2021,Idaho,16,8.8
Vacant housing,2021,Idaho,16,10.5
Households living below the federal poverty level,2021,Illinois,17,8.6
Population 25 years and older w/o HS diploma,2021,Illinois,17,9.8
Uninsured,2021,Illinois,17,7
Vacant housing,2021,Illinois,17,8.2
Households living below the federal poverty level,2021,Indiana,18,8.3
Population 25 years and older w/o HS diploma,2021,Indiana,18,9.4
Uninsured,2021,Indiana,18,7.5
Vacant housing,2021,Indiana,18,9.1
Households living below the federal poverty level,2021,Iowa,19,6.9
Population 25 years and older w/o HS diploma,2021,Iowa,19,6.7
Uninsured,2021,Iowa,19,4.8
Vacant housing,2021,Iowa,19,8.8
Households living below the federal poverty level,2021,Kansas,20,8
Population 25 years and older w/o HS diploma,2021,Kansas,20,8.1
Uninsured,2021,Kansas,20,9.2
Vacant housing,2021,Kansas,20,9.8
Households living below the federal poverty level,2021,Kentucky,21,12.2
Population 25 years and older w/o HS diploma,2021,Kentucky,21,12
Uninsured,2021,Kentucky,21,5.7
Vacant housing,2021,Kentucky,21,11.1
Households living below the federal poverty level,2021,Louisiana,22,15.2
Population 25 years and older w/o HS diploma,2021,Louisiana,22,13.3
Uninsured,2021,Louisiana,22,7.6
Vacant housing,2021,Louisiana,22,14.8
Households living below the federal poverty level,2021,Maine,23,7.2
Population 25 years and older w/o HS diploma,2021,Maine,23,5.5
Uninsured,2021,Maine,23,5.7
Vacant housing,2021,Maine,23,20.3
Households living below the federal poverty level,2021,Maryland,24,7.4
Population 25 years and older w/o HS diploma,2021,Maryland,24,8.9
Uninsured,2021,Maryland,24,6.1
Vacant housing,2021,Maryland,24,7.5
Households living below the federal poverty level,2021,Massachusetts,25,7.1
Population 25 years and older w/o HS diploma,2021,Massachusetts,25,8.9
Uninsured,2021,Massachusetts,25,2.5
Vacant housing,2021,Massachusetts,25,8.6
Households living below the federal poverty level,2021,Michigan,26,9
Population 25 years and older w/o HS diploma,2021,Michigan,26,8
Uninsured,2021,Michigan,26,5
Vacant housing,2021,Michigan,26,11.7
Households living below the federal poverty level,2021,Minnesota,27,5.5
Population 25 years and older w/o HS diploma,2021,Minnesota,27,5.9
Uninsured,2021,Minnesota,27,4.5
Vacant housing,2021,Minnesota,27,9.4
Households living below the federal poverty level,2021,Mississippi,28,14.4
Population 25 years and older w/o HS diploma,2021,Mississippi,28,13.5
Uninsured,2021,Mississippi,28,11.9
Vacant housing,2021,Mississippi,28,15.2
Households living below the federal poverty level,2021,Missouri,29,8.4
Population 25 years and older w/o HS diploma,2021,Missouri,29,8.4
Uninsured,2021,Missouri,29,9.4
Vacant housing,2021,Missouri,29,12.1
Households living below the federal poverty level,2021,Montana,30,7.2
Population 25 years and older w/o HS diploma,2021,Montana,30,5.6
Uninsured,2021,Montana,30,8.2
Vacant housing,2021,Montana,30,14
Households living below the federal poverty level,2021,Nebraska,31,6.7
Population 25 years and older w/o HS diploma,2021,Nebraska,31,7.8
Uninsured,2021,Nebraska,31,7.1
Vacant housing,2021,Nebraska,31,8
Households living below the federal poverty level,2021,Nevada,32,10.6
Population 25 years and older w/o HS diploma,2021,Nevada,32,12.8
Uninsured,2021,Nevada,32,11.6
Vacant housing,2021,Nevada,32,8.7
Households living below the federal poverty level,2021,New Hampshire,33,4.8
Population 25 years and older w/o HS diploma,2021,New Hampshire,33,5.6
Uninsured,2021,New Hampshire,33,5.1
Vacant housing,2021,New Hampshire,33,14.9
Households living below the federal poverty level,2021,New Jersey,34,7.4
Population 25 years and older w/o HS diploma,2021,New Jersey,34,9
Uninsured,2021,New Jersey,34,7.2
Vacant housing,2021,New Jersey,34,7.5
Households living below the federal poverty level,2021,New Mexico,35,14.3
Population 25 years and older w/o HS diploma,2021,New Mexico,35,12.5
Uninsured,2021,New Mexico,35,10
Vacant housing,2021,New Mexico,35,12
Households living below the federal poverty level,2021,New York,36,10.1
Population 25 years and older w/o HS diploma,2021,New York,36,12
Uninsured,2021,New York,36,5.2
Vacant housing,2021,New York,36,10.3
Households living below the federal poverty level,2021,North Carolina,37,9.4
Population 25 years and older w/o HS diploma,2021,North Carolina,37,10.3
Uninsured,2021,North Carolina,37,10.4
Vacant housing,2021,North Carolina,37,13
Households living below the federal poverty level,2021,North Dakota,38,6.3
Population 25 years and older w/o HS diploma,2021,North Dakota,38,6.4
Uninsured,2021,North Dakota,38,7.9
Vacant housing,2021,North Dakota,38,13.9
Households living below the federal poverty level,2021,Ohio,39,9.4
Population 25 years and older w/o HS diploma,2021,Ohio,39,8.3
Uninsured,2021,Ohio,39,6.5
Vacant housing,2021,Ohio,39,8.3
Households living below the federal poverty level,2021,Oklahoma,40,11.5
Population 25 years and older w/o HS diploma,2021,Oklahoma,40,11.3
Uninsured,2021,Oklahoma,40,13.8
Vacant housing,2021,Oklahoma,40,12.2
Households living below the federal poverty level,2021,Oregon,41,7.6
Population 25 years and older w/o HS diploma,2021,Oregon,41,8.1
Uninsured,2021,Oregon,41,6.1
Vacant housing,2021,Oregon,41,7.3
Households living below the federal poverty level,2021,Pennsylvania,42,8.3
Population 25 years and older w/o HS diploma,2021,Pennsylvania,42,8.1
Uninsured,2021,Pennsylvania,42,5.5
Vacant housing,2021,Pennsylvania,42,9.4
Households living below the federal poverty level,2021,Rhode Island,44,7
Population 25 years and older w/o HS diploma,2021,Rhode Island,44,10.9
Uninsured,2021,Rhode Island,44,4.3
Vacant housing,2021,Rhode Island,44,9.2
Households living below the federal poverty level,2021,South Carolina,45,10.8
Population 25 years and older w/o HS diploma,2021,South Carolina,45,10.4
Uninsured,2021,South Carolina,45,10
Vacant housing,2021,South Carolina,45,14.4
Households living below the federal poverty level,2021,South Dakota,46,7.9
Population 25 years and older w/o HS diploma,2021,South Dakota,46,6.9
Uninsured,2021,South Dakota,46,9.5
Vacant housing,2021,South Dakota,46,10.9
Households living below the federal poverty level,2021,Tennessee,47,9.7
Population 25 years and older w/o HS diploma,2021,Tennessee,47,10.3
Uninsured,2021,Tennessee,47,10
Vacant housing,2021,Tennessee,47,10.3
Households living below the federal poverty level,2021,Texas,48,11
Population 25 years and older w/o HS diploma,2021,Texas,48,14.6
Uninsured,2021,Texas,48,18
Vacant housing,2021,Texas,48,9
Households living below the federal poverty level,2021,Utah,49,5.9
Population 25 years and older w/o HS diploma,2021,Utah,49,6.8
Uninsured,2021,Utah,49,9
Vacant housing,2021,Utah,49,7.4
Households living below the federal poverty level,2021,Vermont,50,6.3
Population 25 years and older w/o HS diploma,2021,Vermont,50,5.5
Uninsured,2021,Vermont,50,3.7
Vacant housing,2021,Vermont,50,19.8
Households living below the federal poverty level,2021,Virginia,51,6.9
Population 25 years and older w/o HS diploma,2021,Virginia,51,8.6
Uninsured,2021,Virginia,51,6.8
Vacant housing,2021,Virginia,51,8.8
Households living below the federal poverty level,2021,Washington,53,6.5
Population 25 years and older w/o HS diploma,2021,Washington,53,7.7
Uninsured,2021,Washington,53,6.4
Vacant housing,2021,Washington,53,7.2
Households living below the federal poverty level,2021,West Virginia,54,12.3
Population 25 years and older w/o HS diploma,2021,West Virginia,54,11.2
Uninsured,2021,West Virginia,54,6.1
Vacant housing,2021,West Virginia,54,15.9
Households living below the federal poverty level,2021,Wisconsin,55,6.8
Population 25 years and older w/o HS diploma,2021,Wisconsin,55,6.7
Uninsured,2021,Wisconsin,55,5.4
Vacant housing,2021,Wisconsin,55,10.9
Households living below the federal poverty level,2021,Wyoming,56,7.8
Population 25 years and older w/o HS diploma,2021,Wyoming,56,6.4
Uninsured,2021,Wyoming,56,12.2
Vacant housing,2021,Wyoming,56,11.5
Households living below the federal poverty level,2020 (COVID-19 Pandemic),Alabama,1,9.8
Population 25 years and older w/o HS diploma,2020 (COVID-19 Pandemic),Alabama,1,12
Uninsured,2020 (COVID-19 Pandemic),Alabama,1,9.7
Vacant housing,2020 (COVID-19 Pandemic),Alabama,1,17.7
Households living below the federal poverty level,2020 (COVID-19 Pandemic),Alaska,2,5.6
Population 25 years and older w/o HS diploma,2020 (COVID-19 Pandemic),Alaska,2,6.3
Uninsured,2020 (COVID-19 Pandemic),Alaska,2,11.6
Vacant housing,2020 (COVID-19 Pandemic),Alaska,2,20.5
Households living below the federal poverty level,2020 (COVID-19 Pandemic),Arizona,4,8.8
Population 25 years and older w/o HS diploma,2020 (COVID-19 Pandemic),Arizona,4,10.9
Uninsured,2020 (COVID-19 Pandemic),Arizona,4,11.2
Vacant housing,2020 (COVID-19 Pandemic),Arizona,4,11.1
Households living below the federal poverty level,2020 (COVID-19 Pandemic),Arkansas,5,11
Population 25 years and older w/o HS diploma,2020 (COVID-19 Pandemic),Arkansas,5,11.8
Uninsured,2020 (COVID-19 Pandemic),Arkansas,5,8.5
Vacant housing,2020 (COVID-19 Pandemic),Arkansas,5,15.4
Households living below the federal poverty level,2020 (COVID-19 Pandemic),California,6,7.7
Population 25 years and older w/o HS diploma,2020 (COVID-19 Pandemic),California,6,15.6
Uninsured,2020 (COVID-19 Pandemic),California,6,7.1
Vacant housing,2020 (COVID-19 Pandemic),California,6,8.7
Households living below the federal poverty level,2020 (COVID-19 Pandemic),Colorado,8,5.4
Population 25 years and older w/o HS diploma,2020 (COVID-19 Pandemic),Colorado,8,7.3
Uninsured,2020 (COVID-19 Pandemic),Colorado,8,8.4
Vacant housing,2020 (COVID-19 Pandemic),Colorado,8,9.5
Households living below the federal poverty level,2020 (COVID-19 Pandemic),Connecticut,9,6.4
Population 25 years and older w/o HS diploma,2020 (COVID-19 Pandemic),Connecticut,9,8.4
Uninsured,2020 (COVID-19 Pandemic),Connecticut,9,4.6
Vacant housing,2020 (COVID-19 Pandemic),Connecticut,9,8.1
Households living below the federal poverty level,2020 (COVID-19 Pandemic),Delaware,10,7.2
Population 25 years and older w/o HS diploma,2020 (COVID-19 Pandemic),Delaware,10,9
Uninsured,2020 (COVID-19 Pandemic),Delaware,10,6.3
Vacant housing,2020 (COVID-19 Pandemic),Delaware,10,13.7
Households living below the federal poverty level,2020 (COVID-19 Pandemic),District of Columbia,11,8
Population 25 years and older w/o HS diploma,2020 (COVID-19 Pandemic),District of Columbia,11,6.2
Uninsured,2020 (COVID-19 Pandemic),District of Columbia,11,3.5
Vacant housing,2020 (COVID-19 Pandemic),District of Columbia,11,10.9
Households living below the federal poverty level,2020 (COVID-19 Pandemic),Florida,12,7.8
Population 25 years and older w/o HS diploma,2020 (COVID-19 Pandemic),Florida,12,10.4
Uninsured,2020 (COVID-19 Pandemic),Florida,12,12.4
Vacant housing,2020 (COVID-19 Pandemic),Florida,12,17.1
Households living below the federal poverty level,2020 (COVID-19 Pandemic),Georgia,13,9.3
Population 25 years and older w/o HS diploma,2020 (COVID-19 Pandemic),Georgia,13,10.7
Uninsured,2020 (COVID-19 Pandemic),Georgia,13,13
Vacant housing,2020 (COVID-19 Pandemic),Georgia,13,11.8
Households living below the federal poverty level,2020 (COVID-19 Pandemic),Hawaii,15,6
Population 25 years and older w/o HS diploma,2020 (COVID-19 Pandemic),Hawaii,15,6.7
Uninsured,2020 (COVID-19 Pandemic),Hawaii,15,3.9
Vacant housing,2020 (COVID-19 Pandemic),Hawaii,15,13.8
Households living below the federal poverty level,2020 (COVID-19 Pandemic),Idaho,16,6.7
Population 25 years and older w/o HS diploma,2020 (COVID-19 Pandemic),Idaho,16,8.7
Uninsured,2020 (COVID-19 Pandemic),Idaho,16,9.6
Vacant housing,2020 (COVID-19 Pandemic),Idaho,16,11.7
Households living below the federal poverty level,2020 (COVID-19 Pandemic),Illinois,17,7.4
Population 25 years and older w/o HS diploma,2020 (COVID-19 Pandemic),Illinois,17,9.6
Uninsured,2020 (COVID-19 Pandemic),Illinois,17,7.1
Vacant housing,2020 (COVID-19 Pandemic),Illinois,17,9.1
Households living below the federal poverty level,2020 (COVID-19 Pandemic),Indiana,18,8
Population 25 years and older w/o HS diploma,2020 (COVID-19 Pandemic),Indiana,18,9.8
Uninsured,2020 (COVID-19 Pandemic),Indiana,18,7.5
Vacant housing,2020 (COVID-19 Pandemic),Indiana,18,10.1
Households living below the federal poverty level,2020 (COVID-19 Pandemic),Iowa,19,6.8
Population 25 years and older w/o HS diploma,2020 (COVID-19 Pandemic),Iowa,19,6.9
Uninsured,2020 (COVID-19 Pandemic),Iowa,19,4.9
Vacant housing,2020 (COVID-19 Pandemic),Iowa,19,10.7
Households living below the federal poverty level,2020 (COVID-19 Pandemic),Kansas,20,7.4
Population 25 years and older w/o HS diploma,2020 (COVID-19 Pandemic),Kansas,20,8.2
Uninsured,2020 (COVID-19 Pandemic),Kansas,20,8.8
Vacant housing,2020 (COVID-19 Pandemic),Kansas,20,11
Households living below the federal poverty level,2020 (COVID-19 Pandemic),Kentucky,21,10.4
Population 25 years and older w/o HS diploma,2020 (COVID-19 Pandemic),Kentucky,21,11.3
Uninsured,2020 (COVID-19 Pandemic),Kentucky,21,5.8
Vacant housing,2020 (COVID-19 Pandemic),Kentucky,21,12.8
Households living below the federal poverty level,2020 (COVID-19 Pandemic),Louisiana,22,12.4
Population 25 years and older w/o HS diploma,2020 (COVID-19 Pandemic),Louisiana,22,13.1
Uninsured,2020 (COVID-19 Pandemic),Louisiana,22,8.2
Vacant housing,2020 (COVID-19 Pandemic),Louisiana,22,16.2
Households living below the federal poverty level,2020 (COVID-19 Pandemic),Maine,23,6.4
Population 25 years and older w/o HS diploma,2020 (COVID-19 Pandemic),Maine,23,6.4
Uninsured,2020 (COVID-19 Pandemic),Maine,23,7.5
Vacant housing,2020 (COVID-19 Pandemic),Maine,23,22.7
Households living below the federal poverty level,2020 (COVID-19 Pandemic),Maryland,24,5.4
Population 25 years and older w/o HS diploma,2020 (COVID-19 Pandemic),Maryland,24,8.9
Uninsured,2020 (COVID-19 Pandemic),Maryland,24,5.7
Vacant housing,2020 (COVID-19 Pandemic),Maryland,24,9.1
Households living below the federal poverty level,2020 (COVID-19 Pandemic),Massachusetts,25,6.1
Population 25 years and older w/o HS diploma,2020 (COVID-19 Pandemic),Massachusetts,25,8.7
Uninsured,2020 (COVID-19 Pandemic),Massachusetts,25,2.6
Vacant housing,2020 (COVID-19 Pandemic),Massachusetts,25,8.7
Households living below the federal poverty level,2020 (COVID-19 Pandemic),Michigan,26,8.2
Population 25 years and older w/o HS diploma,2020 (COVID-19 Pandemic),Michigan,26,8
Uninsured,2020 (COVID-19 Pandemic),Michigan,26,5.3
Vacant housing,2020 (COVID-19 Pandemic),Michigan,26,13.6
Households living below the federal poverty level,2020 (COVID-19 Pandemic),Minnesota,27,4.9
Population 25 years and older w/o HS diploma,2020 (COVID-19 Pandemic),Minnesota,27,6.2
Uninsured,2020 (COVID-19 Pandemic),Minnesota,27,4.9
Vacant housing,2020 (COVID-19 Pandemic),Minnesota,27,10.7
Households living below the federal poverty level,2020 (COVID-19 Pandemic),Mississippi,28,14.2
Population 25 years and older w/o HS diploma,2020 (COVID-19 Pandemic),Mississippi,28,13.2
Uninsured,2020 (COVID-19 Pandemic),Mississippi,28,11.7
Vacant housing,2020 (COVID-19 Pandemic),Mississippi,28,16.3
Households living below the federal poverty level,2020 (COVID-19 Pandemic),Missouri,29,8
Population 25 years and older w/o HS diploma,2020 (COVID-19 Pandemic),Missouri,29,8.6
Uninsured,2020 (COVID-19 Pandemic),Missouri,29,10.1
Vacant housing,2020 (COVID-19 Pandemic),Missouri,29,13.1
Households living below the federal poverty level,2020 (COVID-19 Pandemic),Montana,30,7.4
Population 25 years and older w/o HS diploma,2020 (COVID-19 Pandemic),Montana,30,5.6
Uninsured,2020 (COVID-19 Pandemic),Montana,30,8.7
Vacant housing,2020 (COVID-19 Pandemic),Montana,30,14.9
Households living below the federal poverty level,2020 (COVID-19 Pandemic),Nebraska,31,5.8
Population 25 years and older w/o HS diploma,2020 (COVID-19 Pandemic),Nebraska,31,8.1
Uninsured,2020 (COVID-19 Pandemic),Nebraska,31,8.1
Vacant housing,2020 (COVID-19 Pandemic),Nebraska,31,9.7
Households living below the federal poverty level,2020 (COVID-19 Pandemic),Nevada,32,8
Population 25 years and older w/o HS diploma,2020 (COVID-19 Pandemic),Nevada,32,12.8
Uninsured,2020 (COVID-19 Pandemic),Nevada,32,12
Vacant housing,2020 (COVID-19 Pandemic),Nevada,32,10.1
Households living below the federal poverty level,2020 (COVID-19 Pandemic),New Hampshire,33,4.2
Population 25 years and older w/o HS diploma,2020 (COVID-19 Pandemic),New Hampshire,33,5.9
Uninsured,2020 (COVID-19 Pandemic),New Hampshire,33,6.1
Vacant housing,2020 (COVID-19 Pandemic),New Hampshire,33,16.7
Households living below the federal poverty level,2020 (COVID-19 Pandemic),New Jersey,34,7
Population 25 years and older w/o HS diploma,2020 (COVID-19 Pandemic),New Jersey,34,9.1
Uninsured,2020 (COVID-19 Pandemic),New Jersey,34,7.6
Vacant housing,2020 (COVID-19 Pandemic),New Jersey,34,8.5
Households living below the federal poverty level,2020 (COVID-19 Pandemic),New Mexico,35,12.5
Population 25 years and older w/o HS diploma,2020 (COVID-19 Pandemic),New Mexico,35,12.2
Uninsured,2020 (COVID-19 Pandemic),New Mexico,35,9.7
Vacant housing,2020 (COVID-19 Pandemic),New Mexico,35,14.6
Households living below the federal poverty level,2020 (COVID-19 Pandemic),New York,36,9.3
Population 25 years and older w/o HS diploma,2020 (COVID-19 Pandemic),New York,36,12.2
Uninsured,2020 (COVID-19 Pandemic),New York,36,5.2
Vacant housing,2020 (COVID-19 Pandemic),New York,36,11.3
Households living below the federal poverty level,2020 (COVID-19 Pandemic),North Carolina,37,8.5
Population 25 years and older w/o HS diploma,2020 (COVID-19 Pandemic),North Carolina,37,9.7
Uninsured,2020 (COVID-19 Pandemic),North Carolina,37,10.6
Vacant housing,2020 (COVID-19 Pandemic),North Carolina,37,15.1
Households living below the federal poverty level,2020 (COVID-19 Pandemic),North Dakota,38,7.4
Population 25 years and older w/o HS diploma,2020 (COVID-19 Pandemic),North Dakota,38,6.5
Uninsured,2020 (COVID-19 Pandemic),North Dakota,38,7.2
Vacant housing,2020 (COVID-19 Pandemic),North Dakota,38,15.8
Households living below the federal poverty level,2020 (COVID-19 Pandemic),Ohio,39,8.7
Population 25 years and older w/o HS diploma,2020 (COVID-19 Pandemic),Ohio,39,8.5
Uninsured,2020 (COVID-19 Pandemic),Ohio,39,6.7
Vacant housing,2020 (COVID-19 Pandemic),Ohio,39,9.6
Households living below the federal poverty level,2020 (COVID-19 Pandemic),Oklahoma,40,9.7
Population 25 years and older w/o HS diploma,2020 (COVID-19 Pandemic),Oklahoma,40,10.8
Uninsured,2020 (COVID-19 Pandemic),Oklahoma,40,15.3
Vacant housing,2020 (COVID-19 Pandemic),Oklahoma,40,14
Households living below the federal poverty level,2020 (COVID-19 Pandemic),Oregon,41,6.6
Population 25 years and older w/o HS diploma,2020 (COVID-19 Pandemic),Oregon,41,8.1
Uninsured,2020 (COVID-19 Pandemic),Oregon,41,6.6
Vacant housing,2020 (COVID-19 Pandemic),Oregon,41,7.8
Households living below the federal poverty level,2020 (COVID-19 Pandemic),Pennsylvania,42,7.3
Population 25 years and older w/o HS diploma,2020 (COVID-19 Pandemic),Pennsylvania,42,8.4
Uninsured,2020 (COVID-19 Pandemic),Pennsylvania,42,6.3
Vacant housing,2020 (COVID-19 Pandemic),Pennsylvania,42,10
Households living below the federal poverty level,2020 (COVID-19 Pandemic),Rhode Island,44,6
Population 25 years and older w/o HS diploma,2020 (COVID-19 Pandemic),Rhode Island,44,9.9
Uninsured,2020 (COVID-19 Pandemic),Rhode Island,44,3.7
Vacant housing,2020 (COVID-19 Pandemic),Rhode Island,44,10.5
Households living below the federal poverty level,2020 (COVID-19 Pandemic),South Carolina,45,9.2
Population 25 years and older w/o HS diploma,2020 (COVID-19 Pandemic),South Carolina,45,10.6
Uninsured,2020 (COVID-19 Pandemic),South Carolina,45,10.5
Vacant housing,2020 (COVID-19 Pandemic),South Carolina,45,15.8
Households living below the federal poverty level,2020 (COVID-19 Pandemic),South Dakota,46,7.3
Population 25 years and older w/o HS diploma,2020 (COVID-19 Pandemic),South Dakota,46,7.8
Uninsured,2020 (COVID-19 Pandemic),South Dakota,46,9.8
Vacant housing,2020 (COVID-19 Pandemic),South Dakota,46,13.8
Households living below the federal poverty level,2020 (COVID-19 Pandemic),Tennessee,47,9.1
Population 25 years and older w/o HS diploma,2020 (COVID-19 Pandemic),Tennessee,47,10.3
Uninsured,2020 (COVID-19 Pandemic),Tennessee,47,10.2
Vacant housing,2020 (COVID-19 Pandemic),Tennessee,47,11.9
Households living below the federal poverty level,2020 (COVID-19 Pandemic),Texas,48,9.6
Population 25 years and older w/o HS diploma,2020 (COVID-19 Pandemic),Texas,48,14.2
Uninsured,2020 (COVID-19 Pandemic),Texas,48,17.5
Vacant housing,2020 (COVID-19 Pandemic),Texas,48,10.6
Households living below the federal poverty level,2020 (COVID-19 Pandemic),Utah,49,4.7
Population 25 years and older w/o HS diploma,2020 (COVID-19 Pandemic),Utah,49,6
Uninsured,2020 (COVID-19 Pandemic),Utah,49,8.5
Vacant housing,2020 (COVID-19 Pandemic),Utah,49,9.5
Households living below the federal poverty level,2020 (COVID-19 Pandemic),Vermont,50,4.3
Population 25 years and older w/o HS diploma,2020 (COVID-19 Pandemic),Vermont,50,5.8
Uninsured,2020 (COVID-19 Pandemic),Vermont,50,4.1
Vacant housing,2020 (COVID-19 Pandemic),Vermont,50,22.9
Households living below the federal poverty level,2020 (COVID-19 Pandemic),Virginia,51,5.8
Population 25 years and older w/o HS diploma,2020 (COVID-19 Pandemic),Virginia,51,8.6
Uninsured,2020 (COVID-19 Pandemic),Virginia,51,7.2
Vacant housing,2020 (COVID-19 Pandemic),Virginia,51,10.4
Households living below the federal poverty level,2020 (COVID-19 Pandemic),Washington,53,6.1
Population 25 years and older w/o HS diploma,2020 (COVID-19 Pandemic),Washington,53,7.9
Uninsured,2020 (COVID-19 Pandemic),Washington,53,6.3
Vacant housing,2020 (COVID-19 Pandemic),Washington,53,7.9
Households living below the federal poverty level,2020 (COVID-19 Pandemic),West Virginia,54,10.9
Population 25 years and older w/o HS diploma,2020 (COVID-19 Pandemic),West Virginia,54,10.9
Uninsured,2020 (COVID-19 Pandemic),West Virginia,54,6.6
Vacant housing,2020 (COVID-19 Pandemic),West Virginia,54,18.1
Households living below the federal poverty level,2020 (COVID-19 Pandemic),Wisconsin,55,6
Population 25 years and older w/o HS diploma,2020 (COVID-19 Pandemic),Wisconsin,55,6.9
Uninsured,2020 (COVID-19 Pandemic),Wisconsin,55,5.6
Vacant housing,2020 (COVID-19 Pandemic),Wisconsin,55,12.6
Households living below the federal poverty level,2020 (COVID-19 Pandemic),Wyoming,56,5.3
Population 25 years and older w/o HS diploma,2020 (COVID-19 Pandemic),Wyoming,56,6.2
Uninsured,2020 (COVID-19 Pandemic),Wyoming,56,11.3
Vacant housing,2020 (COVID-19 Pandemic),Wyoming,56,15.9
Households living below the federal poverty level,2019,Alabama,1,11.2
Population 25 years and older w/o HS diploma,2019,Alabama,1,12.9
Uninsured,2019,Alabama,1,9.7
Vacant housing,2019,Alabama,1,17
Households living below the federal poverty level,2019,Alaska,2,6.6
Population 25 years and older w/o HS diploma,2019,Alaska,2,6.4
Uninsured,2019,Alaska,2,12.2
Vacant housing,2019,Alaska,2,21.2
Households living below the federal poverty level,2019,Arizona,4,9.5
Population 25 years and older w/o HS diploma,2019,Arizona,4,12.4
Uninsured,2019,Arizona,4,11.3
Vacant housing,2019,Arizona,4,13.2
Households living below the federal poverty level,2019,Arkansas,5,11.7
Population 25 years and older w/o HS diploma,2019,Arkansas,5,12.5
Uninsured,2019,Arkansas,5,9.1
Vacant housing,2019,Arkansas,5,16.2
Households living below the federal poverty level,2019,California,6,8.2
Population 25 years and older w/o HS diploma,2019,California,6,16
Uninsured,2019,California,6,7.7
Vacant housing,2019,California,6,8.4
Households living below the federal poverty level,2019,Colorado,8,5.8
Population 25 years and older w/o HS diploma,2019,Colorado,8,7.6
Uninsured,2019,Colorado,8,8
Vacant housing,2019,Colorado,8,9.3
Households living below the federal poverty level,2019,Connecticut,9,6.8
Population 25 years and older w/o HS diploma,2019,Connecticut,9,9.3
Uninsured,2019,Connecticut,9,5.9
Vacant housing,2019,Connecticut,9,9.7
Households living below the federal poverty level,2019,Delaware,10,7.6
Population 25 years and older w/o HS diploma,2019,Delaware,10,9.7
Uninsured,2019,Delaware,10,6.6
Vacant housing,2019,Delaware,10,15.2
Households living below the federal poverty level,2019,District of Columbia,11,8.8
Population 25 years and older w/o HS diploma,2019,District of Columbia,11,8.1
Uninsured,2019,District of Columbia,11,3.5
Vacant housing,2019,District of Columbia,11,9.7
Households living below the federal poverty level,2019,Florida,12,8.7
Population 25 years and older w/o HS diploma,2019,Florida,12,11.6
Uninsured,2019,Florida,12,13.2
Vacant housing,2019,Florida,12,18.3
Households living below the federal poverty level,2019,Georgia,13,9.6
Population 25 years and older w/o HS diploma,2019,Georgia,13,12.1
Uninsured,2019,Georgia,13,13.4
Vacant housing,2019,Georgia,13,12
Households living below the federal poverty level,2019,Hawaii,15,6.4
Population 25 years and older w/o HS diploma,2019,Hawaii,15,7.6
Uninsured,2019,Hawaii,15,4.2
Vacant housing,2019,Hawaii,15,15.5
Households living below the federal poverty level,2019,Idaho,16,7.4
Population 25 years and older w/o HS diploma,2019,Idaho,16,8.5
Uninsured,2019,Idaho,16,10.8
Vacant housing,2019,Idaho,16,12.7
Households living below the federal poverty level,2019,Illinois,17,7.9
Population 25 years and older w/o HS diploma,2019,Illinois,17,10.2
Uninsured,2019,Illinois,17,7.4
Vacant housing,2019,Illinois,17,9.7
Households living below the federal poverty level,2019,Indiana,18,7.8
Population 25 years and older w/o HS diploma,2019,Indiana,18,10.4
Uninsured,2019,Indiana,18,8.7
Vacant housing,2019,Indiana,18,11.1
Households living below the federal poverty level,2019,Iowa,19,7.3
Population 25 years and older w/o HS diploma,2019,Iowa,19,7.4
Uninsured,2019,Iowa,19,5
Vacant housing,2019,Iowa,19,9.3
Households living below the federal poverty level,2019,Kansas,20,7.5
Population 25 years and older w/o HS diploma,2019,Kansas,20,8.2
Uninsured,2019,Kansas,20,9.2
Vacant housing,2019,Kansas,20,11.6
Households living below the federal poverty level,2019,Kentucky,21,11.8
Population 25 years and older w/o HS diploma,2019,Kentucky,21,12.8
Uninsured,2019,Kentucky,21,6.4
Vacant housing,2019,Kentucky,21,12.8
Households living below the federal poverty level,2019,Louisiana,22,14.3
Population 25 years and older w/o HS diploma,2019,Louisiana,22,14
Uninsured,2019,Louisiana,22,8.9
Vacant housing,2019,Louisiana,22,16.7
Households living below the federal poverty level,2019,Maine,23,6.5
Population 25 years and older w/o HS diploma,2019,Maine,23,6.8
Uninsured,2019,Maine,23,8
Vacant housing,2019,Maine,23,23.6
Households living below the federal poverty level,2019,Maryland,24,5.8
Population 25 years and older w/o HS diploma,2019,Maryland,24,9.6
Uninsured,2019,Maryland,24,6
Vacant housing,2019,Maryland,24,9.9
Households living below the federal poverty level,2019,Massachusetts,25,6
Population 25 years and older w/o HS diploma,2019,Massachusetts,25,8.7
Uninsured,2019,Massachusetts,25,3
Vacant housing,2019,Massachusetts,25,9.5
Households living below the federal poverty level,2019,Michigan,26,8.8
Population 25 years and older w/o HS diploma,2019,Michigan,26,8.6
Uninsured,2019,Michigan,26,5.8
Vacant housing,2019,Michigan,26,14.3
Households living below the federal poverty level,2019,Minnesota,27,5.2
Population 25 years and older w/o HS diploma,2019,Minnesota,27,6.4
Uninsured,2019,Minnesota,27,4.9
Vacant housing,2019,Minnesota,27,10.3
Households living below the federal poverty level,2019,Mississippi,28,14.8
Population 25 years and older w/o HS diploma,2019,Mississippi,28,14.7
Uninsured,2019,Mississippi,28,13
Vacant housing,2019,Mississippi,28,17.8
Households living below the federal poverty level,2019,Missouri,29,8.8
Population 25 years and older w/o HS diploma,2019,Missouri,29,9.3
Uninsured,2019,Missouri,29,10
Vacant housing,2019,Missouri,29,12.8
Households living below the federal poverty level,2019,Montana,30,7.9
Population 25 years and older w/o HS diploma,2019,Montana,30,5.8
Uninsured,2019,Montana,30,8.3
Vacant housing,2019,Montana,30,15.8
Households living below the federal poverty level,2019,Nebraska,31,6.2
Population 25 years and older w/o HS diploma,2019,Nebraska,31,8
Uninsured,2019,Nebraska,31,8.3
Vacant housing,2019,Nebraska,31,9.4
Households living below the federal poverty level,2019,Nevada,32,8.7
Population 25 years and older w/o HS diploma,2019,Nevada,32,13.1
Uninsured,2019,Nevada,32,11.4
Vacant housing,2019,Nevada,32,11.1
Households living below the federal poverty level,2019,New Hampshire,33,4.2
Population 25 years and older w/o HS diploma,2019,New Hampshire,33,6.7
Uninsured,2019,New Hampshire,33,6.3
Vacant housing,2019,New Hampshire,33,15.7
Households living below the federal poverty level,2019,New Jersey,34,6.2
Population 25 years and older w/o HS diploma,2019,New Jersey,34,9.7
Uninsured,2019,New Jersey,34,7.9
Vacant housing,2019,New Jersey,34,9.8
Households living below the federal poverty level,2019,New Mexico,35,13.7
Population 25 years and older w/o HS diploma,2019,New Mexico,35,14.1
Uninsured,2019,New Mexico,35,10
Vacant housing,2019,New Mexico,35,16.3
Households living below the federal poverty level,2019,New York,36,9.3
Population 25 years and older w/o HS diploma,2019,New York,36,12.4
Uninsured,2019,New York,36,5.2
Vacant housing,2019,New York,36,11.4
Households living below the federal poverty level,2019,North Carolina,37,9.6
Population 25 years and older w/o HS diploma,2019,North Carolina,37,11.4
Uninsured,2019,North Carolina,37,11.3
Vacant housing,2019,North Carolina,37,14.8
Households living below the federal poverty level,2019,North Dakota,38,6.5
Population 25 years and older w/o HS diploma,2019,North Dakota,38,6.5
Uninsured,2019,North Dakota,38,6.9
Vacant housing,2019,North Dakota,38,14.9
Households living below the federal poverty level,2019,Ohio,39,9.2
Population 25 years and older w/o HS diploma,2019,Ohio,39,9.2
Uninsured,2019,Ohio,39,6.6
Vacant housing,2019,Ohio,39,9.6
Households living below the federal poverty level,2019,Oklahoma,40,10.8
Population 25 years and older w/o HS diploma,2019,Oklahoma,40,11.6
Uninsured,2019,Oklahoma,40,14.3
Vacant housing,2019,Oklahoma,40,14.5
Households living below the federal poverty level,2019,Oregon,41,6.6
Population 25 years and older w/o HS diploma,2019,Oregon,41,8.6
Uninsured,2019,Oregon,41,7.2
Vacant housing,2019,Oregon,41,8.8
Households living below the federal poverty level,2019,Pennsylvania,42,8.2
Population 25 years and older w/o HS diploma,2019,Pennsylvania,42,9
Uninsured,2019,Pennsylvania,42,5.8
Vacant housing,2019,Pennsylvania,42,10.7
Households living below the federal poverty level,2019,Rhode Island,44,6.6
Population 25 years and older w/o HS diploma,2019,Rhode Island,44,10.7
Uninsured,2019,Rhode Island,44,4.1
Vacant housing,2019,Rhode Island,44,13.4
Households living below the federal poverty level,2019,South Carolina,45,9.8
Population 25 years and older w/o HS diploma,2019,South Carolina,45,11.7
Uninsured,2019,South Carolina,45,10.8
Vacant housing,2019,South Carolina,45,16
Households living below the federal poverty level,2019,South Dakota,46,7.3
Population 25 years and older w/o HS diploma,2019,South Dakota,46,7.9
Uninsured,2019,South Dakota,46,10.2
Vacant housing,2019,South Dakota,46,11.9
Households living below the federal poverty level,2019,Tennessee,47,10
Population 25 years and older w/o HS diploma,2019,Tennessee,47,12
Uninsured,2019,Tennessee,47,10.1
Vacant housing,2019,Tennessee,47,12.3
Households living below the federal poverty level,2019,Texas,48,10.5
Population 25 years and older w/o HS diploma,2019,Texas,48,15.4
Uninsured,2019,Texas,48,18.4
Vacant housing,2019,Texas,48,11.5
Households living below the federal poverty level,2019,Utah,49,6.1
Population 25 years and older w/o HS diploma,2019,Utah,49,7
Uninsured,2019,Utah,49,9.7
Vacant housing,2019,Utah,49,9.7
Households living below the federal poverty level,2019,Vermont,50,5.8
Population 25 years and older w/o HS diploma,2019,Vermont,50,6.9
Uninsured,2019,Vermont,50,4.5
Vacant housing,2019,Vermont,50,22.6
Households living below the federal poverty level,2019,Virginia,51,6.5
Population 25 years and older w/o HS diploma,2019,Virginia,51,10
Uninsured,2019,Virginia,51,7.9
Vacant housing,2019,Virginia,51,10.4
Households living below the federal poverty level,2019,Washington,53,6.2
Population 25 years and older w/o HS diploma,2019,Washington,53,8.3
Uninsured,2019,Washington,53,6.6
Vacant housing,2019,Washington,53,8.2
Households living below the federal poverty level,2019,West Virginia,54,11.1
Population 25 years and older w/o HS diploma,2019,West Virginia,54,12.9
Uninsured,2019,West Virginia,54,6.7
Vacant housing,2019,West Virginia,54,18.6
Households living below the federal poverty level,2019,Wisconsin,55,6.2
Population 25 years and older w/o HS diploma,2019,Wisconsin,55,7.2
Uninsured,2019,Wisconsin,55,5.7
Vacant housing,2019,Wisconsin,55,12.4
Households living below the federal poverty level,2019,Wyoming,56,6.6
Population 25 years and older w/o HS diploma,2019,Wyoming,56,5.5
Uninsured,2019,Wyoming,56,12.3
Vacant housing,2019,Wyoming,56,16.8
Households living below the federal poverty level,2018,Alabama,1,12.2
Population 25 years and older w/o HS diploma,2018,Alabama,1,13.4
Uninsured,2018,Alabama,1,10
Vacant housing,2018,Alabama,1,18.4
Households living below the federal poverty level,2018,Alaska,2,7.5
Population 25 years and older w/o HS diploma,2018,Alaska,2,6.7
Uninsured,2018,Alaska,2,12.6
Vacant housing,2018,Alaska,2,20
Households living below the federal poverty level,2018,Arizona,4,9.9
Population 25 years and older w/o HS diploma,2018,Arizona,4,12.5
Uninsured,2018,Arizona,4,10.6
Vacant housing,2018,Arizona,4,13.9
Households living below the federal poverty level,2018,Arkansas,5,12.7
Population 25 years and older w/o HS diploma,2018,Arkansas,5,12.8
Uninsured,2018,Arkansas,5,8.2
Vacant housing,2018,Arkansas,5,16.2
Households living below the federal poverty level,2018,California,6,9.1
Population 25 years and older w/o HS diploma,2018,California,6,16.2
Uninsured,2018,California,6,7.2
Vacant housing,2018,California,6,8.4
Households living below the federal poverty level,2018,Colorado,8,6.2
Population 25 years and older w/o HS diploma,2018,Colorado,8,8.2
Uninsured,2018,Colorado,8,7.5
Vacant housing,2018,Colorado,8,10.2
Households living below the federal poverty level,2018,Connecticut,9,7.1
Population 25 years and older w/o HS diploma,2018,Connecticut,9,9.1
Uninsured,2018,Connecticut,9,5.3
Vacant housing,2018,Connecticut,9,9.4
Households living below the federal poverty level,2018,Delaware,10,8.4
Population 25 years and older w/o HS diploma,2018,Delaware,10,10.2
Uninsured,2018,Delaware,10,5.7
Vacant housing,2018,Delaware,10,16.2
Households living below the federal poverty level,2018,District of Columbia,11,11.3
Population 25 years and older w/o HS diploma,2018,District of Columbia,11,7.9
Uninsured,2018,District of Columbia,11,3.2
Vacant housing,2018,District of Columbia,11,10
Households living below the federal poverty level,2018,Florida,12,9.7
Population 25 years and older w/o HS diploma,2018,Florida,12,11.5
Uninsured,2018,Florida,12,13
Vacant housing,2018,Florida,12,18.2
Households living below the federal poverty level,2018,Georgia,13,10.8
Population 25 years and older w/o HS diploma,2018,Georgia,13,12.4
Uninsured,2018,Georgia,13,13.7
Vacant housing,2018,Georgia,13,12.1
Households living below the federal poverty level,2018,Hawaii,15,5.7
Population 25 years and older w/o HS diploma,2018,Hawaii,15,8.1
Uninsured,2018,Hawaii,15,4.1
Vacant housing,2018,Hawaii,15,16.6
Households living below the federal poverty level,2018,Idaho,16,8.2
Population 25 years and older w/o HS diploma,2018,Idaho,16,9.1
Uninsured,2018,Idaho,16,11.1
Vacant housing,2018,Idaho,16,13
Households living below the federal poverty level,2018,Illinois,17,8.5
Population 25 years and older w/o HS diploma,2018,Illinois,17,10.5
Uninsured,2018,Illinois,17,7
Vacant housing,2018,Illinois,17,9.5
Households living below the federal poverty level,2018,Indiana,18,9.3
Population 25 years and older w/o HS diploma,2018,Indiana,18,11
Uninsured,2018,Indiana,18,8.3
Vacant housing,2018,Indiana,18,10.5
Households living below the federal poverty level,2018,Iowa,19,7.2
Population 25 years and older w/o HS diploma,2018,Iowa,19,7.7
Uninsured,2018,Iowa,19,4.7
Vacant housing,2018,Iowa,19,10.1
Households living below the federal poverty level,2018,Kansas,20,8
Population 25 years and older w/o HS diploma,2018,Kansas,20,9
Uninsured,2018,Kansas,20,8.8
Vacant housing,2018,Kansas,20,11.5
Households living below the federal poverty level,2018,Kentucky,21,12.6
Population 25 years and older w/o HS diploma,2018,Kentucky,21,13.2
Uninsured,2018,Kentucky,21,5.6
Vacant housing,2018,Kentucky,21,13.2
Households living below the federal poverty level,2018,Louisiana,22,13.6
Population 25 years and older w/o HS diploma,2018,Louisiana,22,14.2
Uninsured,2018,Louisiana,22,8
Vacant housing,2018,Louisiana,22,16.3
Households living below the federal poverty level,2018,Maine,23,7.3
Population 25 years and older w/o HS diploma,2018,Maine,23,7
Uninsured,2018,Maine,23,8
Vacant housing,2018,Maine,23,23.6
Households living below the federal poverty level,2018,Maryland,24,6
Population 25 years and older w/o HS diploma,2018,Maryland,24,9.5
Uninsured,2018,Maryland,24,6
Vacant housing,2018,Maryland,24,9.9
Households living below the federal poverty level,2018,Massachusetts,25,6.5
Population 25 years and older w/o HS diploma,2018,Massachusetts,25,9.3
Uninsured,2018,Massachusetts,25,2.8
Vacant housing,2018,Massachusetts,25,10
Households living below the federal poverty level,2018,Michigan,26,9.5
Population 25 years and older w/o HS diploma,2018,Michigan,26,9
Uninsured,2018,Michigan,26,5.4
Vacant housing,2018,Michigan,26,14.2
Households living below the federal poverty level,2018,Minnesota,27,5.7
Population 25 years and older w/o HS diploma,2018,Minnesota,27,6.7
Uninsured,2018,Minnesota,27,4.4
Vacant housing,2018,Minnesota,27,10.6
Households living below the federal poverty level,2018,Mississippi,28,15
Population 25 years and older w/o HS diploma,2018,Mississippi,28,14.6
Uninsured,2018,Mississippi,28,12.1
Vacant housing,2018,Mississippi,28,16.8
Households living below the federal poverty level,2018,Missouri,29,9
Population 25 years and older w/o HS diploma,2018,Missouri,29,9.6
Uninsured,2018,Missouri,29,9.4
Vacant housing,2018,Missouri,29,13.2
Households living below the federal poverty level,2018,Montana,30,7.7
Population 25 years and older w/o HS diploma,2018,Montana,30,6.1
Uninsured,2018,Montana,30,8.2
Vacant housing,2018,Montana,30,16.3
Households living below the federal poverty level,2018,Nebraska,31,7.1
Population 25 years and older w/o HS diploma,2018,Nebraska,31,8.6
Uninsured,2018,Nebraska,31,8.3
Vacant housing,2018,Nebraska,31,9.4
Households living below the federal poverty level,2018,Nevada,32,9.1
Population 25 years and older w/o HS diploma,2018,Nevada,32,13
Uninsured,2018,Nevada,32,11.2
Vacant housing,2018,Nevada,32,10.9
Households living below the federal poverty level,2018,New Hampshire,33,4.7
Population 25 years and older w/o HS diploma,2018,New Hampshire,33,6.8
Uninsured,2018,New Hampshire,33,5.7
Vacant housing,2018,New Hampshire,33,16.8
Households living below the federal poverty level,2018,New Jersey,34,6.9
Population 25 years and older w/o HS diploma,2018,New Jersey,34,9.8
Uninsured,2018,New Jersey,34,7.4
Vacant housing,2018,New Jersey,34,10.4
Households living below the federal poverty level,2018,New Mexico,35,15.1
Population 25 years and older w/o HS diploma,2018,New Mexico,35,14.6
Uninsured,2018,New Mexico,35,9.5
Vacant housing,2018,New Mexico,35,15.8
Households living below the federal poverty level,2018,New York,36,10
Population 25 years and older w/o HS diploma,2018,New York,36,12.9
Uninsured,2018,New York,36,5.4
Vacant housing,2018,New York,36,11.9
Households living below the federal poverty level,2018,North Carolina,37,10.2
Population 25 years and older w/o HS diploma,2018,North Carolina,37,11.8
Uninsured,2018,North Carolina,37,10.7
Vacant housing,2018,North Carolina,37,14.4
Households living below the federal poverty level,2018,North Dakota,38,5.7
Population 25 years and older w/o HS diploma,2018,North Dakota,38,7.7
Uninsured,2018,North Dakota,38,7.3
Vacant housing,2018,North Dakota,38,15.4
Households living below the federal poverty level,2018,Ohio,39,9.7
Population 25 years and older w/o HS diploma,2018,Ohio,39,9.3
Uninsured,2018,Ohio,39,6.5
Vacant housing,2018,Ohio,39,10.2
Households living below the federal poverty level,2018,Oklahoma,40,11.4
Population 25 years and older w/o HS diploma,2018,Oklahoma,40,11.6
Uninsured,2018,Oklahoma,40,14.2
Vacant housing,2018,Oklahoma,40,14.8
Households living below the federal poverty level,2018,Oregon,41,8
Population 25 years and older w/o HS diploma,2018,Oregon,41,9.5
Uninsured,2018,Oregon,41,7.1
Vacant housing,2018,Oregon,41,8.3
Households living below the federal poverty level,2018,Pennsylvania,42,8.1
Population 25 years and older w/o HS diploma,2018,Pennsylvania,42,9
Uninsured,2018,Pennsylvania,42,5.5
Vacant housing,2018,Pennsylvania,42,11.2
Households living below the federal poverty level,2018,Rhode Island,44,9.1
Population 25 years and older w/o HS diploma,2018,Rhode Island,44,10.9
Uninsured,2018,Rhode Island,44,4.1
Vacant housing,2018,Rhode Island,44,13.3
Households living below the federal poverty level,2018,South Carolina,45,10.8
Population 25 years and older w/o HS diploma,2018,South Carolina,45,11.6
Uninsured,2018,South Carolina,45,10.5
Vacant housing,2018,South Carolina,45,16.8
Households living below the federal poverty level,2018,South Dakota,46,8
Population 25 years and older w/o HS diploma,2018,South Dakota,46,7.7
Uninsured,2018,South Dakota,46,9.8
Vacant housing,2018,South Dakota,46,13.1
Households living below the federal poverty level,2018,Tennessee,47,11.3
Population 25 years and older w/o HS diploma,2018,Tennessee,47,12.2
Uninsured,2018,Tennessee,47,10.1
Vacant housing,2018,Tennessee,47,13
Households living below the federal poverty level,2018,Texas,48,11.4
Population 25 years and older w/o HS diploma,2018,Texas,48,16
Uninsured,2018,Texas,48,17.7
Vacant housing,2018,Texas,48,11.9
Households living below the federal poverty level,2018,Utah,49,6.1
Population 25 years and older w/o HS diploma,2018,Utah,49,7.6
Uninsured,2018,Utah,49,9.4
Vacant housing,2018,Utah,49,9.9
Households living below the federal poverty level,2018,Vermont,50,6.2
Population 25 years and older w/o HS diploma,2018,Vermont,50,6.5
Uninsured,2018,Vermont,50,4
Vacant housing,2018,Vermont,50,22.5
Households living below the federal poverty level,2018,Virginia,51,7.1
Population 25 years and older w/o HS diploma,2018,Virginia,51,10.1
Uninsured,2018,Virginia,51,8.8
Vacant housing,2018,Virginia,51,10.3
Households living below the federal poverty level,2018,Washington,53,6.3
Population 25 years and older w/o HS diploma,2018,Washington,53,8.4
Uninsured,2018,Washington,53,6.4
Vacant housing,2018,Washington,53,8
Households living below the federal poverty level,2018,West Virginia,54,13
Population 25 years and older w/o HS diploma,2018,West Virginia,54,12.2
Uninsured,2018,West Virginia,54,6.4
Vacant housing,2018,West Virginia,54,17.8
Households living below the federal poverty level,2018,Wisconsin,55,7
Population 25 years and older w/o HS diploma,2018,Wisconsin,55,7.9
Uninsured,2018,Wisconsin,55,5.5
Vacant housing,2018,Wisconsin,55,12.5
Households living below the federal poverty level,2018,Wyoming,56,7.1
Population 25 years and older w/o HS diploma,2018,Wyoming,56,6.7
Uninsured,2018,Wyoming,56,10.5
Vacant housing,2018,Wyoming,56,17.4
Households living below the federal poverty level,2017,Alabama,1,12.8
Population 25 years and older w/o HS diploma,2017,Alabama,1,13.5
Uninsured,2017,Alabama,1,9.4
Vacant housing,2017,Alabama,1,18.5
Households living below the federal poverty level,2017,Alaska,2,7.4
Population 25 years and older w/o HS diploma,2017,Alaska,2,8.4
Uninsured,2017,Alaska,2,13.7
Vacant housing,2017,Alaska,2,20.9
Households living below the federal poverty level,2017,Arizona,4,10.7
Population 25 years and older w/o HS diploma,2017,Arizona,4,12.8
Uninsured,2017,Arizona,4,10.1
Vacant housing,2017,Arizona,4,14.9
Households living below the federal poverty level,2017,Arkansas,5,11.6
Population 25 years and older w/o HS diploma,2017,Arkansas,5,13.3
Uninsured,2017,Arkansas,5,7.9
Vacant housing,2017,Arkansas,5,15.8
Households living below the federal poverty level,2017,California,6,9.6
Population 25 years and older w/o HS diploma,2017,California,6,16.7
Uninsured,2017,California,6,7.2
Vacant housing,2017,California,6,8.3
Households living below the federal poverty level,2017,Colorado,8,6.7
Population 25 years and older w/o HS diploma,2017,Colorado,8,8.4
Uninsured,2017,Colorado,8,7.5
Vacant housing,2017,Colorado,8,10.3
Households living below the federal poverty level,2017,Connecticut,9,6.4
Population 25 years and older w/o HS diploma,2017,Connecticut,9,9.6
Uninsured,2017,Connecticut,9,5.5
Vacant housing,2017,Connecticut,9,10.6
Households living below the federal poverty level,2017,Delaware,10,9.2
Population 25 years and older w/o HS diploma,2017,Delaware,10,9.4
Uninsured,2017,Delaware,10,5.4
Vacant housing,2017,Delaware,10,17.3
Households living below the federal poverty level,2017,District of Columbia,11,13.3
Population 25 years and older w/o HS diploma,2017,District of Columbia,11,9.8
Uninsured,2017,District of Columbia,11,3.8
Vacant housing,2017,District of Columbia,11,10.6
Households living below the federal poverty level,2017,Florida,12,10.1
Population 25 years and older w/o HS diploma,2017,Florida,12,11.6
Uninsured,2017,Florida,12,12.9
Vacant housing,2017,Florida,12,18.6
Households living below the federal poverty level,2017,Georgia,13,11.1
Population 25 years and older w/o HS diploma,2017,Georgia,13,13
Uninsured,2017,Georgia,13,13.4
Vacant housing,2017,Georgia,13,12.5
Households living below the federal poverty level,2017,Hawaii,15,7.4
Population 25 years and older w/o HS diploma,2017,Hawaii,15,7.7
Uninsured,2017,Hawaii,15,3.8
Vacant housing,2017,Hawaii,15,15.6
Households living below the federal poverty level,2017,Idaho,16,8.6
Population 25 years and older w/o HS diploma,2017,Idaho,16,9.2
Uninsured,2017,Idaho,16,10.1
Vacant housing,2017,Idaho,16,13.4
Households living below the federal poverty level,2017,Illinois,17,9
Population 25 years and older w/o HS diploma,2017,Illinois,17,10.9
Uninsured,2017,Illinois,17,6.8
Vacant housing,2017,Illinois,17,10.3
Households living below the federal poverty level,2017,Indiana,18,9.2
Population 25 years and older w/o HS diploma,2017,Indiana,18,11.4
Uninsured,2017,Indiana,18,8.2
Vacant housing,2017,Indiana,18,11.4
Households living below the federal poverty level,2017,Iowa,19,6.7
Population 25 years and older w/o HS diploma,2017,Iowa,19,7.9
Uninsured,2017,Iowa,19,4.7
Vacant housing,2017,Iowa,19,10
Households living below the federal poverty level,2017,Kansas,20,7.9
Population 25 years and older w/o HS diploma,2017,Kansas,20,9
Uninsured,2017,Kansas,20,8.7
Vacant housing,2017,Kansas,20,11.4
Households living below the federal poverty level,2017,Kentucky,21,12.9
Population 25 years and older w/o HS diploma,2017,Kentucky,21,13.7
Uninsured,2017,Kentucky,21,5.4
Vacant housing,2017,Kentucky,21,13.1
Households living below the federal poverty level,2017,Louisiana,22,14.7
Population 25 years and older w/o HS diploma,2017,Louisiana,22,14.9
Uninsured,2017,Louisiana,22,8.4
Vacant housing,2017,Louisiana,22,15.7
Households living below the federal poverty level,2017,Maine,23,6.3
Population 25 years and older w/o HS diploma,2017,Maine,23,7.7
Uninsured,2017,Maine,23,8.1
Vacant housing,2017,Maine,23,27.2
Households living below the federal poverty level,2017,Maryland,24,6.2
Population 25 years and older w/o HS diploma,2017,Maryland,24,10.1
Uninsured,2017,Maryland,24,6.1
Vacant housing,2017,Maryland,24,9.9
Households living below the federal poverty level,2017,Massachusetts,25,7.2
Population 25 years and older w/o HS diploma,2017,Massachusetts,25,9.2
Uninsured,2017,Massachusetts,25,2.8
Vacant housing,2017,Massachusetts,25,10
Households living below the federal poverty level,2017,Michigan,26,9.7
Population 25 years and older w/o HS diploma,2017,Michigan,26,9.1
Uninsured,2017,Michigan,26,5.2
Vacant housing,2017,Michigan,26,14.5
Households living below the federal poverty level,2017,Minnesota,27,5.8
Population 25 years and older w/o HS diploma,2017,Minnesota,27,6.9
Uninsured,2017,Minnesota,27,4.4
Vacant housing,2017,Minnesota,27,11.3
Households living below the federal poverty level,2017,Mississippi,28,14.9
Population 25 years and older w/o HS diploma,2017,Mississippi,28,15.6
Uninsured,2017,Mississippi,28,12
Vacant housing,2017,Mississippi,28,17.5
Households living below the federal poverty level,2017,Missouri,29,9.2
Population 25 years and older w/o HS diploma,2017,Missouri,29,10.3
Uninsured,2017,Missouri,29,9.1
Vacant housing,2017,Missouri,29,14.6
Households living below the federal poverty level,2017,Montana,30,7.7
Population 25 years and older w/o HS diploma,2017,Montana,30,7
Uninsured,2017,Montana,30,8.5
Vacant housing,2017,Montana,30,17.1
Households living below the federal poverty level,2017,Nebraska,31,7.2
Population 25 years and older w/o HS diploma,2017,Nebraska,31,8.7
Uninsured,2017,Nebraska,31,8.3
Vacant housing,2017,Nebraska,31,9.9
Households living below the federal poverty level,2017,Nevada,32,9.1
Population 25 years and older w/o HS diploma,2017,Nevada,32,13.2
Uninsured,2017,Nevada,32,11.2
Vacant housing,2017,Nevada,32,12.4
Households living below the federal poverty level,2017,New Hampshire,33,4.9
Population 25 years and older w/o HS diploma,2017,New Hampshire,33,6.9
Uninsured,2017,New Hampshire,33,5.8
Vacant housing,2017,New Hampshire,33,16.7
Households living below the federal poverty level,2017,New Jersey,34,7.3
Population 25 years and older w/o HS diploma,2017,New Jersey,34,10.1
Uninsured,2017,New Jersey,34,7.7
Vacant housing,2017,New Jersey,34,11
Households living below the federal poverty level,2017,New Mexico,35,15.2
Population 25 years and older w/o HS diploma,2017,New Mexico,35,13.9
Uninsured,2017,New Mexico,35,9.1
Vacant housing,2017,New Mexico,35,18.2
Households living below the federal poverty level,2017,New York,36,10.4
Population 25 years and older w/o HS diploma,2017,New York,36,13.4
Uninsured,2017,New York,36,5.7
Vacant housing,2017,New York,36,12.3
Households living below the federal poverty level,2017,North Carolina,37,10.6
Population 25 years and older w/o HS diploma,2017,North Carolina,37,12.2
Uninsured,2017,North Carolina,37,10.7
Vacant housing,2017,North Carolina,37,14.4
Households living below the federal poverty level,2017,North Dakota,38,6.1
Population 25 years and older w/o HS diploma,2017,North Dakota,38,7.1
Uninsured,2017,North Dakota,38,7.5
Vacant housing,2017,North Dakota,38,15.6
Households living below the federal poverty level,2017,Ohio,39,9.8
Population 25 years and older w/o HS diploma,2017,Ohio,39,9.7
Uninsured,2017,Ohio,39,6
Vacant housing,2017,Ohio,39,10.3
Households living below the federal poverty level,2017,Oklahoma,40,11.6
Population 25 years and older w/o HS diploma,2017,Oklahoma,40,11.9
Uninsured,2017,Oklahoma,40,14.2
Vacant housing,2017,Oklahoma,40,15.2
Households living below the federal poverty level,2017,Oregon,41,8.8
Population 25 years and older w/o HS diploma,2017,Oregon,41,9
Uninsured,2017,Oregon,41,6.8
Vacant housing,2017,Oregon,41,9.3
Households living below the federal poverty level,2017,Pennsylvania,42,8.1
Population 25 years and older w/o HS diploma,2017,Pennsylvania,42,9.4
Uninsured,2017,Pennsylvania,42,5.5
Vacant housing,2017,Pennsylvania,42,12
Households living below the federal poverty level,2017,Rhode Island,44,7.9
Population 25 years and older w/o HS diploma,2017,Rhode Island,44,11.7
Uninsured,2017,Rhode Island,44,4.6
Vacant housing,2017,Rhode Island,44,12.7
Households living below the federal poverty level,2017,South Carolina,45,11.3
Population 25 years and older w/o HS diploma,2017,South Carolina,45,12.6
Uninsured,2017,South Carolina,45,11
Vacant housing,2017,South Carolina,45,16.6
Households living below the federal poverty level,2017,South Dakota,46,8.4
Population 25 years and older w/o HS diploma,2017,South Dakota,46,8.3
Uninsured,2017,South Dakota,46,9.1
Vacant housing,2017,South Dakota,46,12.3
Households living below the federal poverty level,2017,Tennessee,47,10.9
Population 25 years and older w/o HS diploma,2017,Tennessee,47,12.2
Uninsured,2017,Tennessee,47,9.5
Vacant housing,2017,Tennessee,47,12.5
Households living below the federal poverty level,2017,Texas,48,11.3
Population 25 years and older w/o HS diploma,2017,Texas,48,16.4
Uninsured,2017,Texas,48,17.3
Vacant housing,2017,Texas,48,12
Households living below the federal poverty level,2017,Utah,49,6.7
Population 25 years and older w/o HS diploma,2017,Utah,49,7.9
Uninsured,2017,Utah,49,9.2
Vacant housing,2017,Utah,49,10.1
Households living below the federal poverty level,2017,Vermont,50,7
Population 25 years and older w/o HS diploma,2017,Vermont,50,7.4
Uninsured,2017,Vermont,50,4.6
Vacant housing,2017,Vermont,50,23.5
Households living below the federal poverty level,2017,Virginia,51,7.1
Population 25 years and older w/o HS diploma,2017,Virginia,51,10.3
Uninsured,2017,Virginia,51,8.8
Vacant housing,2017,Virginia,51,11.2
Households living below the federal poverty level,2017,Washington,53,7.1
Population 25 years and older w/o HS diploma,2017,Washington,53,8.7
Uninsured,2017,Washington,53,6.1
Vacant housing,2017,Washington,53,8.5
Households living below the federal poverty level,2017,West Virginia,54,14.1
Population 25 years and older w/o HS diploma,2017,West Virginia,54,12.9
Uninsured,2017,West Virginia,54,6.1
Vacant housing,2017,West Virginia,54,19.8
Households living below the federal poverty level,2017,Wisconsin,55,7.1
Population 25 years and older w/o HS diploma,2017,Wisconsin,55,7.6
Uninsured,2017,Wisconsin,55,5.4
Vacant housing,2017,Wisconsin,55,12.8
Households living below the federal poverty level,2017,Wyoming,56,7.6
Population 25 years and older w/o HS diploma,2017,Wyoming,56,7.1
Uninsured,2017,Wyoming,56,12.3
Vacant housing,2017,Wyoming,56,18.4
